incident_county,incident_latitude,incident_longitude,incident_dateonly_created,Population
42,40.774,-122.309,10,180040
12,36.602575,-118.01651000000001,2,17987
34,34.288877,-116.94131100000001,4,2171603
18,37.116295,-119.63500400000001,4,157672
49,40.190062,-121.595555,5,63916
26,38.441792,-122.350844,4,139417
46,38.638828000000004,-122.655616,5,499942
31,34.288877,-116.94131100000001,5,2450758
33,37.160346000000004,-120.937494,5,61537
10,39.514139,-122.56086200000001,5,28047
34,34.1834,-117.4408,5,2171603
31,33.894055,-116.855019,5,2450758
13,34.7861,-118.9411,5,896764
53,34.7861,-118.9411,5,850967
31,33.655638,-116.161201,5,2450758
17,34.49149,-118.61004399999999,5,10105518
18,37.1927,-119.7917,5,157672
37,35.49864,-120.91375,5,284010
31,33.96201,-116.90721299999998,5,2450758
31,33.9582,-116.6534,5,2450758
36,38.049929999999996,-120.90325,5,752660
35,32.564465000000006,-116.900368,5,3343364
35,33.121109999999994,-116.52578999999999,5,3343364
37,35.5123,-120.6368,5,284010
31,33.963591,-117.18793400000001,5,2450758
35,33.044579999999996,-116.5209,5,3343364
39,34.55048,-119.82428999999999,5,446527
17,34.419284000000005,-118.58688000000001,5,10105518
39,34.611824,-120.074655,5,446527
37,35.15832,-120.05131000000002,6,284010
52,37.91529,-120.33313000000001,6,54539
3,39.434183000000004,-121.57680400000001,6,231256
31,33.99647,-116.84137,6,2450758
46,38.4229,-122.0437,6,499942
45,38.4229,-122.0437,6,446610
15,38.4229,-122.0437,6,64382
5,38.4229,-122.0437,6,21627
22,37.03776,-121.00693899999999,6,274765
15,38.992329999999995,-122.703193,6,64382
17,34.585595,-118.423176,5,10105518
0,37.775057000000004,-121.73721299999998,6,1666753
31,33.969359999999995,-117.1265,6,2450758
2,38.27783,-120.966016,6,39383
18,37.169379,-119.75636000000002,6,157672
9,36.772425,-119.62838899999998,6,994400
20,37.58202,-119.91071000000001,6,17471
29,38.729296999999995,-121.38086200000001,6,393149
9,36.763366999999995,-119.55824399999999,6,994400
31,34.001745,-117.302057,6,2450758
18,37.015575,-119.78106000000001,6,157672
45,38.08744,-122.13802,6,446610
9,37.03087,-119.463757,6,994400
9,36.7218,-119.2248,6,994400
15,38.980579999999996,-122.81796000000001,6,64382
34,34.071556,-117.048397,6,2171603
6,39.90465,-121.74367,7,1150215
25,36.1531,-120.8973,6,435594
6,37.96866,-121.91453,7,1150215
23,41.2415,-121.035,7,8777
49,40.012398,-122.079871,7,63916
0,37.7393,-121.5869,7,1666753
0,37.74241,-121.86216,7,1666753
35,32.95435,-116.47381000000001,7,3343364
37,35.62743,-120.83417,7,284010
55,39.205999999999996,-121.31634,7,78041
42,40.373000000000005,-122.7338,7,180040
8,38.774,-120.29799999999999,7,190678
40,37.1438,-121.7804,7,1937570
47,37.436,-121.1955,7,549815
31,33.7095,-116.72885,7,2450758
11,41.333,-123.376,8,136373
34,34.316,-117.352,7,2171603
35,32.612773,-116.70733500000001,7,3343364
9,37.279,-119.318,7,994400
44,41.32,-123.176,7,43724
3,39.6612,-121.50353999999999,8,231256
31,33.990128000000006,-117.164997,7,2450758
31,33.910270000000004,-116.99895,8,2450758
13,34.90327,-118.93388,7,896764
21,38.980846,-123.06767099999999,7,87606
13,34.882,-118.9194,7,896764
49,39.961309,-122.33087900000001,7,63916
46,38.17693,-122.51253,7,499942
8,38.63987,-121.08438000000001,7,190678
32,38.63987,-121.08438000000001,7,1540975
31,33.9634,-117.2508,7,2450758
31,33.94528,-117.09306000000001,7,2450758
4,37.965364,-120.69636200000001,7,45602
52,38.25108,-120.02778,8,54539
31,33.62236,-117.40288000000001,8,2450758
31,38.838,-116.61,8,2450758
15,39.1591,-122.5906,8,64382
31,33.86157,-116.90427,8,2450758
11,41.035,-123.488,8,136373
44,41.923322999999996,-122.57839299999999,8,43724
8,38.682378,-120.839075,8,190678
34,34.35,-117.62,8,2171603
42,40.473356,-122.48258999999999,8,180040
3,39.446267999999996,-121.38236,8,231256
29,39.12,-120.65,8,393149
16,40.88886,-120.95812600000001,8,30802
31,33.570291,-116.10815,8,2450758
15,39.013682,-122.49189399999999,8,64382
4,38.06231,-120.45233,8,45602
34,34.287,-117.45100000000001,8,2171603
42,40.498332,-122.535496,9,180040
30,40.00842,-120.76466599999999,8,18804
13,35.707,-118.588,8,896764
42,40.5445,-121.3754,8,180040
34,34.2,-117.417,9,2171603
49,40.042629999999996,-121.85396999999999,8,63916
34,34.302,-117.598,8,2171603
51,36.208,-118.444,8,465861
8,38.89555,-120.84716,8,190678
34,33.641999999999996,-116.706,8,2171603
38,37.667295,-122.42728500000001,9,769545
6,37.90757,-121.88258200000001,9,1150215
51,36.258,-118.459,9,465861
34,34.003151,-117.106075,9,2171603
17,34.149,-117.90799999999999,9,10105518
23,41.73325,-120.375,9,8777
27,39.333401,-121.107022,8,99696
3,39.731878,-121.71393799999998,8,231256
23,41.568999999999996,-120.959,9,8777
52,37.857,-120.086,8,54539
35,32.710918,-116.746023,9,3343364
15,38.9777,-122.68299999999999,9,64382
37,35.4393,-120.8358,9,284010
21,38.9252,-122.96600000000001,9,87606
26,38.628,-122.289,10,139417
46,38.34599,-122.6503,10,499942
35,33.341,-117.3092,10,3343364
3,39.439,-121.49700000000001,10,231256
28,33.7655,-117.6649,10,3185968
54,38.67479,-122.08725,11,220408
42,40.483662,-122.140914,11,180040
37,35.457978000000004,-120.75155500000001,11,284010
15,38.882214000000005,-122.567525,11,64382
26,38.382,-122.311,11,139417
53,34.384,-119.13248999999999,11,850967
21,39.0442,-123.1478,11,87606
46,38.8167,-122.8498,11,499942
15,39.0448,-122.7656,11,64382
15,38.9289,-122.5818,11,64382
40,37.342186,-121.717706,12,1937570
49,40.134597,-121.79018300000001,1,63916
17,34.1703,-117.8816,1,10105518
11,40.884415000000004,-123.773779,1,136373
9,36.8266,-119.3415,1,994400
35,32.81,-116.49,3,3343364
25,36.6313,-121.4819,3,435594
31,33.5982,-116.1985,3,2450758
12,37.399,-118.352,4,17987
34,34.169346000000004,-117.547374,4,2171603
35,32.665,-116.22200000000001,5,3343364
35,33.003,-117.133,5,3343364
25,36.103,-121.117,4,435594
39,34.609,-120.454,5,446527
35,33.3529,-117.28488899999999,5,3343364
35,33.417572,-117.55056699999999,5,3343364
35,33.312,-117.162,5,3343364
42,40.39,-122.721,5,180040
35,33.1137,-117.1599,5,3343364
35,33.1109,-117.279,5,3343364
15,39.1647,-122.5983,5,64382
52,37.76617,-120.45087,6,54539
52,37.787,-120.45200000000001,6,54539
9,36.742746999999994,-119.24149299999999,6,994400
9,36.991825,-119.52550600000001,6,994400
45,121.999,38.453,6,446610
20,37.7103,-120.197,6,17471
13,35.70683,-118.555527,6,896764
49,40.009827,-122.345078,6,63916
4,120.679019,38.178241,6,45602
4,38.058,-120.66,6,45602
26,38.664,-122.454,7,139417
15,38.664,-122.454,7,64382
8,38.608336,-120.70323799999998,7,190678
42,40.4314,-122.75078799999999,7,180040
54,38.512,-122.104,7,220408
23,41.489,-120.904,7,8777
23,41.89,-120.79,7,8777
50,40.41,-123.24,7,12535
35,33.078948,-116.576454,7,3343364
6,37.5359,-121.5118,7,1150215
42,40.5719,-121.3415,7,180040
37,35.8218,-121.0226,7,284010
27,39.1871,-121.2687,7,99696
42,40.6569,-122.2215,7,180040
13,35.641999999999996,-118.15,7,896764
3,39.4664,-121.6129,7,231256
2,38.5691,-120.7819,7,39383
8,38.5691,-120.7819,7,190678
42,40.900999999999996,-121.368,7,180040
23,41.1336,-121.2144,7,8777
44,42.048,-122.345,7,43724
42,40.72,-121.56200000000001,7,180040
42,41.141000000000005,-122.805,7,180040
44,41.681999999999995,-122.12700000000001,7,43724
42,40.0,29.24,8,180040
18,37.0,18.4,8,157672
18,37.3433,-119.6581,8,157672
23,41.507,-121.266,8,8777
44,41.79600000000001,-123.374,8,43724
35,32.59154,-116.89516,8,3343364
17,34.235,-117.771,8,10105518
17,34.266999999999996,-117.867,8,10105518
27,39.3918,-120.0805,8,99696
13,35.7206,-118.4747,8,896764
50,40.7412,-122.946,8,12535
42,40.7101,-122.171,9,180040
52,37.8316,-120.3434,9,54539
11,41.13399999999999,-123.75299999999999,9,136373
26,38.695961,-122.384054,9,139417
20,37.0,40.34,10,17471
8,38.805437,-120.62971399999999,9,190678
44,41.485,-121.851,2,43724
28,33.748000000000005,-117.601,9,3185968
27,39.113682,-120.999508,9,99696
18,37.311915,-119.604124,9,157672
44,41.423840000000006,-122.37432,9,43724
34,33.93869,-117.70643000000001,10,2171603
8,38.59,-120.02799999999999,9,190678
8,38.9195001,-120.1140659,9,190678
35,32.6449163,-116.94543870000001,6,3343364
30,40.05083333,-120.70166670000002,4,18804
31,33.884313,-117.64275900000001,4,2450758
22,37.08312,-121.06963,5,274765
11,41.1513,-123.8292,6,136373
50,40.924,-123.16799999999999,6,12535
13,35.77937,-120.19481999999999,6,896764
26,38.5287,-122.3415,6,139417
2,38.260777000000004,-121.135426,6,39383
49,40.0133,-122.552,6,63916
35,32.9421,-116.8534,6,3343364
34,34.16027778,-116.89277779999999,6,2171603
55,39.2688,-121.26471000000001,6,78041
18,37.165766999999995,-119.52394299999999,6,157672
18,37.072561,-119.6958,6,157672
16,40.875667,-121.033667,6,30802
1,38.598056,-119.751944,6,1101
17,34.361007,-118.535793,6,10105518
34,34.165974,-117.24387800000001,6,2171603
26,38.519132,-122.181878,6,139417
21,39.7806004,-123.24821399999999,6,87606
49,39.8448,-122.3638,7,63916
21,39.0263,-123.303,7,87606
45,38.4113,-122.0789,7,446610
45,38.1029,-122.1578,7,446610
42,40.5953,-122.4397,7,180040
34,34.0783472,-117.04878629999999,7,2171603
37,35.7183,-121.0157,7,284010
31,33.986204,-117.43942,7,2450758
28,33.7626,-117.7274,7,3185968
44,41.8048,-122.5029,7,43724
35,33.21407,-116.73472,7,3343364
34,34.339,-117.478,7,2171603
17,34.367,-117.68299999999999,7,10105518
33,36.8727,-121.5681,7,61537
51,36.085212,-118.82423500000002,7,465861
44,41.999340999999994,-121.891226,7,43724
26,38.40958,-122.43172,10,139417
29,38.9361,-121.1548,7,393149
8,38.775999999999996,-120.404,7,190678
23,41.29226,-121.17211699999999,7,8777
23,40.856421999999995,-121.101623,7,8777
35,33.383889,-116.86861100000002,7,3343364
35,32.682547,-116.51683999999999,7,3343364
27,39.192088,-120.88231299999998,7,99696
11,41.295667,-123.784067,7,136373
18,37.279722,-119.50013999999999,7,157672
4,38.052,-120.5577,8,45602
47,37.24523,-121.20324,7,549815
11,40.1093,-123.774,7,136373
51,36.24,-118.54,7,465861
3,39.43963,-121.38793999999999,7,231256
15,38.886353799999995,-122.47624750000001,7,64382
42,40.509552,-122.19922700000001,7,180040
42,40.415108000000004,-122.439939,7,180040
52,37.823,-120.15643999999999,7,54539
52,37.83618,-120.61691,8,54539
6,37.81629,-121.68113000000001,7,1150215
42,40.49865,-122.20109,7,180040
51,36.49845,-118.9009,7,465861
21,39.433009999999996,-123.36316000000001,7,87606
31,33.5736,-116.5387,8,2450758
23,41.398999999999994,-121.39200000000001,7,8777
42,40.67868,-121.93243999999999,8,180040
39,34.9522,-120.2903,8,446527
55,39.33303,-121.18735,8,78041
42,40.3929,-122.40546,8,180040
16,40.938,-120.105,8,30802
35,33.4115972,-117.2886249,8,3343364
49,40.3506868,-121.77867990000001,8,63916
15,38.8142503,-122.48673190000001,8,64382
26,38.8142503,-122.48673190000001,8,139417
37,35.3477,-120.6269,8,284010
11,40.1058823,-124.0720419,8,136373
0,37.3845,-121.3732,8,1666753
15,38.831478000000004,-122.53428000000001,8,64382
15,38.925764,-122.879272,8,64382
34,34.23,-116.883,8,2171603
50,40.724897999999996,-122.96173999999999,8,12535
15,55.23,-122.0,9,64382
3,26.42,-121.0,9,231256
16,41.12362,-121.19425600000001,8,30802
52,38.04684,-120.30188000000001,9,54539
50,40.0,41.46,9,12535
16,40.400196,-120.553075,9,30802
9,40.400196,-120.553075,9,994400
3,39.5218,-121.3363,9,231256
42,40.475120000000004,-122.52541000000001,9,180040
3,39.8707,-121.8938,10,231256
9,36.874,-118.905,7,994400
22,37.2171,-121.08036000000001,4,274765
53,34.15,-118.87944399999999,11,850967
33,36.70854,-121.32733999999999,10,61537
39,34.4828,-119.63216000000001,10,446527
27,39.080999999999996,-121.194,9,99696
25,36.3699644,-121.589554,9,435594
25,36.5696373,-121.75560290000001,9,435594
17,34.6888731,-118.78925929999998,4,10105518
52,37.927613,-120.52883600000001,5,54539
25,36.38123,-121.20058999999999,5,435594
17,34.275999999999996,-118.354,5,10105518
9,36.88286,-119.654,5,994400
47,37.17072,-121.42238,6,549815
3,39.33035,-121.78973,5,231256
3,39.624016999999995,-121.59509299999999,5,231256
37,35.619609999999994,-120.39993,5,284010
25,35.8378273,-121.0381507,5,435594
9,36.787690000000005,-119.38248,5,994400
29,38.8390117,-121.3090268,5,393149
35,33.41639,-117.08828999999999,5,3343364
51,35.84883,-118.08591000000001,6,465861
3,39.595,-121.6008,6,231256
37,35.70821,-120.82266000000001,6,284010
4,38.22017,-120.8678,6,45602
49,39.93965,-122.40142,6,63916
29,38.86804,-121.37704,6,393149
8,38.64107,-120.6955,6,190678
33,36.80296,-121.40303999999999,6,61537
32,38.3131,-121.06452,6,1540975
31,33.476894,-117.140883,6,2450758
25,36.01542,-121.25028999999999,6,435594
37,35.01382,-119.58206000000001,6,284010
42,40.61388,-122.46777,6,180040
2,38.26874,-120.90265,6,39383
35,32.60729,-116.63028,6,3343364
25,36.2833,-121.3306,6,435594
49,39.7947,-121.85700000000001,6,63916
13,35.77135,-120.251,6,896764
33,36.499140000000004,-121.04993,6,61537
44,41.623000000000005,-123.557,6,43724
39,34.775999999999996,-119.64299999999999,6,446527
54,38.699709999999996,-122.15456999999999,6,220408
3,39.43351,-121.6051,6,231256
13,35.6115,-118.45628,6,896764
25,36.1934,-120.9293,6,435594
22,37.07147,-121.20155,6,274765
28,33.578720000000004,-117.77395,6,3185968
0,37.74369,-121.58677,6,1666753
24,37.97,-119.14,6,14250
15,39.12366,-122.50373,6,64382
8,38.96741,-120.9375,6,190678
29,38.96741,-120.9375,6,393149
2,38.385,-121.003611,6,39383
9,36.92244,-119.39618999999999,7,994400
17,34.36763,-118.57245,7,10105518
33,5487.0,-120.841536,7,61537
13,34.913000000000004,118.9082,7,896764
42,40.36873,-122.72913,7,180040
49,40.0353,-122.56938999999998,6,63916
13,35.20993,-118.72272,7,896764
53,34.701,-119.14399999999999,6,850967
49,40.07846,-122.2071,7,63916
9,36.0749,-120.452041,7,994400
12,36.58972,-118.15588999999999,7,17987
4,38.02845,-120.61153,7,45602
32,38.517771999999994,-121.103642,7,1540975
9,36.14161,-120.62048,7,994400
18,37.256009999999996,-119.65776000000001,7,157672
53,34.27619,-118.63264,7,850967
53,33.11645,-116.58542,7,850967
4,38.08056,-120.81393999999999,7,45602
4,37.96311,-120.67335,7,45602
54,38.8866,-122.04726000000001,7,220408
13,35.68313,-118.21793000000001,7,896764
53,36.92244,-119.39618999999999,7,850967
13,35.607479999999995,-118.94811000000001,7,896764
9,37.0099,-119.5792,7,994400
35,32.9612,-116.7945,7,3343364
15,39.0863,-122.7891,7,64382
44,41.961909999999996,-122.59328000000001,7,43724
9,37.01591,-119.50506999999999,7,994400
4,37.98171,-120.64241000000001,7,45602
45,38.33475,-122.02564,7,446610
35,33.393,-117.35093,7,3343364
44,41.71847,-122.36923999999999,7,43724
25,35.85093,-120.81081,7,435594
25,36.45994,-121.89938000000001,7,435594
28,33.6542,-117.5221,8,3185968
34,34.25858,-117.4415,9,2171603
3,39.6871,-121.571,9,231256
21,39.7299,-123.5044,9,87606
34,34.3183,-117.3189,9,2171603
27,39.39051,-120.51886999999999,9,99696
42,40.68192,-122.4096,9,180040
8,38.79549,-121.00299,7,190678
35,33.00056,-116.9571,7,3343364
6,38.012640000000005,-122.1885,7,1150215
18,37.24006,-119.4741,7,157672
52,37.81434,-120.69521,7,54539
40,37.41896,-121.79668999999998,7,1937570
35,33.22558,-117.14546999999999,8,3343364
49,40.19611,-122.26736000000001,8,63916
3,39.6708,-121.7192,8,231256
54,38.52513,-122.06788,8,220408
13,35.24504,-118.60343999999999,8,896764
18,37.3228,-119.7738,8,157672
2,38.2581,-120.8657,8,39383
40,37.06531,-121.68576999999999,8,1937570
34,34.28771,-117.27338,8,2171603
15,36.099740000000004,-120.51057,8,64382
15,38.68403,-122.26015,8,64382
9,36.099740000000004,-120.51057,8,994400
34,34.30372,-117.49342,8,2171603
42,40.61213,-122.47091,8,180040
11,40.9878,-123.77832,8,136373
37,35.70595,-120.98316000000001,8,284010
15,38.89741,-122.60663999999998,8,64382
13,35.7506,-118.5678,8,896764
11,40.4572,-124.05803999999999,8,136373
32,38.558,-121.1309,9,1540975
1,38.575540000000004,-120.00606,8,1101
9,36.84479,-119.34487,9,994400
40,37.11831,-121.69783999999999,9,1937570
55,36.16965,-121.38775,8,78041
21,39.8748511,-123.42670109999999,8,87606
13,35.4976,-118.5097,8,896764
44,41.851000000000006,-123.118,8,43724
36,37.62215,-121.36665,8,752660
11,41.284859999999995,-123.82268,8,136373
16,40.3915,-120.7845,9,30802
3,39.79547,-121.71661999999999,8,231256
4,38.1874,-120.6381,8,45602
51,36.1648,-118.73906000000001,8,465861
44,41.7813,-122.611,8,43724
23,41.4657,-120.9066,9,8777
13,35.2013,-118.7212,8,896764
15,39.1408865,-122.9148951,8,64382
44,41.6314,-122.7933,9,43724
3,39.8851,-121.6998,9,231256
49,40.30594,-122.1295,9,63916
7,37.75972,-120.02962600000001,9,27828
27,39.20427,-121.05948000000001,9,99696
12,37.75985,-118.95308999999999,9,17987
23,41.2649,-120.3178,9,8777
39,34.63445,-120.54421,9,446527
39,34.75134,-120.55297,9,446527
3,39.4403,-121.42647,9,231256
48,39.188321,-121.78003000000001,9,96807
2,38.5212,-120.8416,9,39383
52,37.79635,-120.32484,9,54539
9,36.6543,-119.5327,9,994400
42,40.0,-121.93923000000001,9,180040
46,38.80017,-122.82895,9,499942
30,39.92,-121.32,9,18804
40,37.106320000000004,-121.85318000000001,9,1937570
9,36.94536,-119.25958999999999,10,994400
8,38.934490000000004,-120.10744,10,190678
35,33.254355,-117.158475,11,3343364
17,34.31,-118.335,11,10105518
51,36.217,-118.551,10,465861
51,35.984,-118.551,10,465861
9,35.92436,-119.94083,4,994400
3,39.51158,-121.55633,2,231256
42,40.487120000000004,-121.85645,4,180040
23,41.167159999999996,-120.58341999999999,4,8777
31,33.56777,-116.08003000000001,4,2450758
9,36.07228,-120.26561000000001,4,994400
25,36.44141,-121.34695,4,435594
9,36.530836,-120.20659199999999,4,994400
9,36.5355,-120.6585,4,994400
34,34.30104,-117.45646,4,2171603
31,34.00566,-117.30693000000001,4,2450758
31,33.7866,-117.5048,4,2450758
13,35.717040000000004,-118.30601000000001,5,896764
37,35.78286,-120.22646999999999,5,284010
37,35.6879,-120.3317,5,284010
9,36.45491,-120.2445,5,994400
13,35.60001,-118.4683,5,896764
22,36.96655,-120.89261,5,274765
25,35.77082,-120.92482,5,435594
31,33.88466,-116.99229,5,2450758
13,35.05076,-118.90003999999999,5,896764
37,35.21177,-119.87525,5,284010
13,35.41283,-118.84466,5,896764
25,36.1727,-120.86681999999999,5,435594
25,36.2771,-120.94328,5,435594
18,36.90967,-119.79315,5,157672
37,35.34541,-120.76463999999999,5,284010
9,36.12089,-120.37116,5,994400
14,35.983000000000004,-119.91508,5,151366
31,33.97155,-117.44148,5,2450758
9,36.60736,-120.5828,5,994400
37,35.85253,-120.80411000000001,5,284010
35,33.3906,-117.32348,5,3343364
35,32.65597,-116.80527,5,3343364
37,35.556667,-120.47399999999999,5,284010
13,35.4605,-118.85896000000001,5,896764
31,33.94673,-117.17773000000001,5,2450758
39,34.9465,-119.8036,5,446527
35,32.679,-116.29296000000001,5,3343364
33,36.355779999999996,-120.99552,5,61537
31,33.96419,-117.20506999999999,5,2450758
35,33.34988,-117.39818000000001,5,3343364
31,33.882870000000004,-116.99651000000001,5,2450758
13,34.87128,-118.35296000000001,5,896764
9,36.96642,-119.58292,5,994400
31,33.585770000000004,-116.07428999999999,5,2450758
4,38.199059999999996,-120.83483999999999,5,45602
9,36.61332,-120.7109,5,994400
34,34.04412,-116.55326000000001,5,2171603
51,35.89423,-119.00334,5,465861
55,39.23205,-121.376,5,78041
32,38.337070000000004,-121.11113,6,1540975
31,33.94788,-116.59719,6,2450758
13,35.188,-119.2877,6,896764
23,41.38247,-120.53443,6,8777
31,33.82165,-116.96078999999999,6,2450758
17,34.29931,-118.37539,6,10105518
13,35.60633,-118.4642,6,896764
49,40.38944,-122.13088,6,63916
16,40.03392,-120.1064,6,30802
31,33.87107,-116.88096999999999,6,2450758
6,37.86549,-122.2102,6,1150215
13,35.564124,-118.79651299999999,6,896764
3,39.52499,-121.64896999999999,6,231256
44,41.8721,-122.4571,6,43724
51,36.458090000000006,-118.87676,6,465861
18,37.127590000000005,-120.0193,6,157672
13,35.598040000000005,-118.47939,6,896764
13,35.373509999999996,-118.84133999999999,6,896764
25,35.80375,-120.52508,6,435594
18,37.0825,-119.8011,6,157672
9,36.704679,-120.405077,6,994400
26,38.68347,-122.2654,6,139417
25,35.902149,-120.98368400000001,6,435594
9,36.616986,-120.36934699999999,6,994400
9,36.8005,-119.35901000000001,6,994400
52,37.85137,-120.45268,6,54539
31,33.584036,-116.97203600000002,6,2450758
35,33.23281,-117.29508999999999,6,3343364
51,35.8556,-118.74542,6,465861
31,33.52584,-116.85226000000002,6,2450758
37,35.6871,-120.3187,6,284010
20,37.36914,-120.0088,6,17471
31,33.950382,-116.884446,6,2450758
31,33.79925,-117.11658999999999,6,2450758
3,39.69717,-121.75417,6,231256
31,117.138741,33.939428,6,2450758
25,35.90092,-120.93371,6,435594
17,34.55607,-118.60703000000001,6,10105518
49,40.32063,-122.83208,6,63916
31,33.90965,-116.9669,6,2450758
31,33.98639,-117.21314,6,2450758
18,37.02081,-119.95136000000001,6,157672
13,35.53456,-118.66733,6,896764
31,33.71025,-117.31924,6,2450758
44,41.93006,-122.36545,6,43724
45,38.07481,-122.23003999999999,6,446610
34,34.2976,-116.82600000000001,6,2171603
43,39.711009999999995,-120.02325,6,2987
47,37.82934,-120.68992,6,549815
40,37.334540000000004,-121.76323000000001,6,1937570
3,39.364000000000004,-121.4143,6,231256
3,39.384159999999994,-121.5786,6,231256
9,36.27306,-120.65185,6,994400
49,40.10282,-122.27378999999999,6,63916
51,36.51912,-119.50606,6,465861
17,34.37443,-118.49343,6,10105518
35,33.1683,-116.77342,6,3343364
31,33.530045,-116.594422,6,2450758
44,40.703775,-122.64507900000001,6,43724
37,35.4025,-120.4992,6,284010
32,38.458220000000004,-120.92161999999999,6,1540975
19,37.9775,-122.65749,6,259666
35,32.7789,-116.8516,6,3343364
34,34.14575,-117.17813000000001,6,2171603
7,41.93323,-124.19628999999999,6,27828
40,37.3344,-121.71752,6,1937570
25,35.946999999999996,-120.87491999999999,6,435594
23,41.85763,-121.29581,6,8777
20,37.3762,-119.9646,6,17471
35,33.43513,-117.58252,6,3343364
13,35.382979999999996,-118.80123,6,896764
25,35.96275,-121.08753,6,435594
17,34.03941,-118.58623999999999,6,10105518
17,34.104459999999996,-118.70293999999998,6,10105518
42,40.69554,-122.0122,7,180040
27,39.08382,-121.06656000000001,7,99696
31,33.913089,-117.09623300000001,7,2450758
3,39.8629,-121.6268,7,231256
20,37.4591,-119.921,7,17471
9,36.269125,-120.620791,7,994400
31,33.968959999999996,-117.25411000000001,7,2450758
31,33.91806,-116.99321,7,2450758
31,33.877390000000005,-117.16215,7,2450758
33,36.855959999999996,-121.30983,7,61537
34,34.304722,-117.3125,7,2171603
9,36.81476,-119.51592,7,994400
31,33.993159999999996,-117.48405,7,2450758
3,39.53944,-121.54722,7,231256
53,34.20599,-118.98603,7,850967
44,41.86609,-122.73031,7,43724
31,33.853229999999996,-117.48195,7,2450758
51,36.108579999999996,-118.81979,7,465861
44,41.3975,-122.8428,7,43724
8,38.7803,-120.97111000000001,7,190678
47,37.64898,-120.4925,7,549815
9,36.95104,-119.65621000000002,7,994400
4,38.20176,-120.67848000000001,7,45602
54,38.49521,-122.0251,7,220408
13,35.59904,-119.08312,7,896764
37,35.0179,-120.3223,7,284010
16,40.6361,-120.9643,7,30802
13,35.77896,-118.89627,7,896764
44,41.841,-123.47399999999999,6,43724
18,37.09773,-120.02027,7,157672
31,33.763304,-117.314994,7,2450758
3,39.453520000000005,-121.41221999999999,7,231256
34,34.07612,-117.06765,7,2171603
37,35.346,-120.62825,7,284010
20,37.65963,-120.34801999999999,7,17471
6,37.87808,-121.78676999999999,7,1150215
42,40.48972,-122.38618999999998,7,180040
39,34.550959999999996,-119.9494,7,446527
23,41.72163,-121.30451000000001,7,8777
44,41.59,-123.501,7,43724
37,35.42433,-120.47322,7,284010
6,38.02929,-122.25544,7,1150215
55,39.06308,-121.303,7,78041
8,38.67474,-121.06088000000001,7,190678
25,35.86949,-120.57893999999999,7,435594
37,35.86949,-120.57893999999999,7,284010
49,40.29118,-122.42606,7,63916
14,35.93273,-120.20013999999999,7,151366
3,39.37192,-121.53865,7,231256
43,39.439721999999996,-120.027222,7,2987
40,37.25014,-121.68562,7,1937570
3,39.50475,-121.33785,7,231256
39,34.72379,-120.13248999999999,7,446527
34,34.09773,-117.10566999999999,7,2171603
35,32.84796,-116.85396000000001,7,3343364
16,40.07045,-120.14013,7,30802
40,37.39801,-121.8179,7,1937570
4,38.18303,-120.85322,7,45602
31,33.626129999999996,-117.07975,7,2450758
34,34.149,-117.189,7,2171603
19,38.08055,-122.77846000000001,7,259666
31,33.77896,-117.24091000000001,7,2450758
25,36.66684,-121.74826000000002,7,435594
21,39.30125,-123.28825,7,87606
20,37.61757,-120.21321,7,17471
21,39.13207,-123.10226999999999,7,87606
9,35.959109999999995,-120.55578999999999,7,994400
5,39.012240000000006,-122.20127,7,21627
4,38.291129999999995,-120.62177,7,45602
23,41.455890000000004,-120.56933000000001,7,8777
15,38.86056,-122.62382,7,64382
51,36.18815,-118.78928,7,465861
14,36.05187,-120.05403999999999,8,151366
11,40.39799,-123.57562,8,136373
13,34.94373,-119.44751000000001,7,896764
42,40.471059999999994,-122.43608,7,180040
31,33.75526,-117.25075,7,2450758
51,36.644040000000004,-118.99943999999999,7,465861
10,39.75425,-122.17657,7,28047
51,36.0226,-118.94252,7,465861
44,41.702,-123.508,7,43724
52,37.90014,-120.36005,7,54539
17,34.792882,-118.85194299999999,7,10105518
31,33.819759999999995,-117.18552,7,2450758
47,37.81827,-120.65763999999999,7,549815
3,39.76243,-121.74121000000001,7,231256
30,39.9034,-120.9761,7,18804
52,37.905545000000004,-120.40813500000002,7,54539
37,35.06472,-120.5634,7,284010
27,39.36902,-120.97586000000001,7,99696
8,38.559707,-120.70013,7,190678
51,36.22265,-119.06598000000001,7,465861
32,38.5181,-121.104,7,1540975
40,37.44485,-121.84108,7,1937570
7,41.478,-123.506,7,27828
34,34.20152,-117.14466000000002,7,2171603
35,33.34659,-116.66107,7,3343364
34,34.139,-117.199,7,2171603
8,38.69775,-120.73756999999999,7,190678
37,35.7751,-120.23656000000001,7,284010
55,39.065220000000004,-121.3519,7,78041
40,36.96607,-121.55552,7,1937570
34,34.412040000000005,-117.03031000000001,7,2171603
49,40.1583,-122.3209,7,63916
27,39.16826,-120.95498,7,99696
52,37.659859999999995,-120.31156999999999,8,54539
42,40.69259,-122.17383999999998,7,180040
44,41.9808,-121.9741,7,43724
8,38.538332000000004,-121.039267,7,190678
13,35.543,-118.654,7,896764
46,38.702890000000004,-122.90217,7,499942
34,34.19076,-117.26969,7,2171603
31,33.689091999999995,-117.396404,7,2450758
50,40.79902,-123.39253000000001,8,12535
37,35.4403,-120.2913,8,284010
37,35.40357,-120.28036999999999,8,284010
23,41.338,-120.304,7,8777
11,40.117940000000004,-123.76098999999999,8,136373
34,34.084920000000004,-117.03826000000001,8,2171603
17,34.23925,-117.85181999999999,8,10105518
11,40.27582,-123.64281000000001,8,136373
15,38.94599,-122.81135,8,64382
31,34.009026,-117.239099,8,2450758
13,35.70639,-118.47306999999999,8,896764
30,39.75371,-120.1397,8,18804
16,41.119890000000005,-120.74968,8,30802
16,39.888000000000005,-120.066,8,30802
31,33.57139,-116.8247,8,2450758
25,35.86596,-120.64583999999999,8,435594
50,40.175979999999996,-123.36882,8,12535
13,34.92907,-118.9267,8,896764
40,37.14653,-121.68165,8,1937570
49,39.87983,-122.5415,8,63916
26,38.493359999999996,-122.2483,8,139417
31,33.797216,-117.12453799999999,8,2450758
37,35.7908,-120.77485,8,284010
44,41.99279,-122.9401,8,43724
31,33.98212,-117.30819,8,2450758
20,37.62823,-120.30046000000002,8,17471
20,37.644,-119.618,8,17471
20,37.538000000000004,-119.598,8,17471
31,33.950359999999996,-116.88066,8,2450758
42,40.92602,-121.5935,8,180040
31,33.87679,-117.00258000000001,8,2450758
55,39.1234,-121.32956999999999,8,78041
30,39.9864,-120.89746000000001,8,18804
44,41.841,-123.47399999999999,8,43724
51,36.257,-118.296,8,465861
35,32.65003,-116.42907,8,3343364
44,41.853,-123.676,8,43724
23,41.466,-120.321,8,8777
0,37.725429999999996,-121.90516000000001,8,1666753
9,36.099681,-120.443545,8,994400
35,33.20988,-116.46988999999999,8,3343364
16,40.80968,-120.48641,8,30802
49,40.29831,-122.70448999999999,8,63916
9,36.93332,-119.43376,8,994400
0,37.561809999999994,-121.56425,8,1666753
46,38.26294,-122.71998,8,499942
31,33.6444,-117.3968,8,2450758
9,36.7279,-119.28241000000001,8,994400
11,41.02705,-123.63721000000001,8,136373
2,38.34421,-120.72273999999999,8,39383
51,36.15356,-118.74103000000001,8,465861
44,41.222,-122.27498999999999,8,43724
3,39.577009999999994,-121.30208999999999,8,231256
18,37.44663,-119.64622,8,157672
16,40.43962,-120.22215,8,30802
44,41.99483,-121.90077,8,43724
24,38.655,-119.55425,8,14250
23,41.4844,-120.36658999999999,8,8777
27,39.34292,-121.12003999999999,8,99696
23,41.644690000000004,-120.31813999999999,8,8777
9,36.361129999999996,-120.32685,8,994400
11,40.036970000000004,-123.64214,8,136373
50,40.76025,-123.10003,8,12535
31,117.337331,34.015741999999996,8,2450758
17,34.52055,-118.62881999999999,8,10105518
35,32.6001,-116.76997,9,3343364
47,38.329,-119.78200000000001,7,549815
31,33.73547,-117.33363999999999,9,2450758
47,38.12,-119.941,9,549815
42,40.719229999999996,-122.02525,9,180040
13,35.76,-118.406,9,896764
17,34.22957,-118.2674,9,10105518
18,37.216159999999995,-119.48066999999999,9,157672
9,36.09486,-120.52188999999998,9,994400
31,33.974709999999995,-117.09983999999999,9,2450758
37,35.31886,-120.50886000000001,9,284010
15,39.01748,-122.49327,9,64382
30,40.13278,-120.9204,9,18804
40,36.99092,-121.59898999999999,9,1937570
20,37.37397,-119.83556000000002,9,17471
16,40.69573,-119.93498999999998,8,30802
37,35.76343,-121.04445,9,284010
44,41.222,-122.292,8,43724
50,40.804,-123.375,8,12535
52,37.896778000000005,-120.50413400000001,9,54539
35,32.59252,-116.61608999999999,9,3343364
20,37.73596,-119.78256,9,17471
37,35.5956,-120.56068,9,284010
25,36.17297,-120.87608999999999,9,435594
30,39.75312,-120.75485,9,18804
9,37.10067,-119.32108999999998,9,994400
15,39.44543,-122.85193999999998,9,64382
3,40.07613,-121.56858000000001,9,231256
44,42.038999999999994,-123.21799999999999,8,43724
38,37.41591,-122.3001,9,769545
42,40.98352,-121.81623,9,180040
7,41.98128,-124.01168,9,27828
3,39.44257,-121.60683,9,231256
15,39.42604,-123.03343999999998,9,64382
50,40.2275,-123.03583,9,12535
8,38.5758,-120.915,9,190678
18,37.14624,-120.01550900000001,9,157672
21,39.02482,-123.1362,9,87606
0,37.63358,-121.49925,9,1666753
9,36.24653,-120.31598000000001,9,994400
18,36.94652,-120.90462,9,157672
37,35.122690000000006,-120.39386999999999,9,284010
20,37.768879999999996,-120.15846,9,17471
3,39.8255,-121.7127,9,231256
45,38.4446,-122.0041,9,446610
55,39.03168,-121.40947,9,78041
0,37.77982,-122.169,9,1666753
37,35.3024,-120.65279,9,284010
28,33.8668,-117.68598,9,3185968
51,36.27138,-118.48555,9,465861
39,34.67403,-120.4393,9,446527
13,35.59302,-118.46734,9,896764
31,33.74925,-117.10301000000001,9,2450758
45,38.43658,-121.97233,10,446610
20,37.41231,-119.87465,10,17471
49,40.20077,-122.24731000000001,10,63916
15,39.15016,-122.57600000000001,10,64382
42,40.70627,-122.24198999999999,10,180040
46,38.51937,-123.24713,10,499942
49,40.247890000000005,-122.255,10,63916
11,40.88516,-123.96843999999999,10,136373
3,39.624959999999994,-121.52966,10,231256
26,38.39206,-122.24367,10,139417
45,38.39206,-122.24367,10,446610
26,38.60895,-122.62879,10,139417
46,38.60895,-122.62879,10,499942
26,38.4041,-122.5209,10,139417
46,38.4041,-122.5209,10,499942
26,38.318020000000004,-122.39052,10,139417
3,39.39455,-121.40613,10,231256
55,39.321979999999996,-121.4021,10,78041
27,39.19325,-121.08406000000001,10,99696
21,39.24873,-123.16635,10,87606
4,38.40234,-120.52953000000001,10,45602
46,38.14242,-122.47301000000002,10,499942
37,35.28738,-120.44448,10,284010
13,35.215559999999996,-118.56578,10,896764
15,39.013870000000004,-122.64543,10,64382
27,39.245490000000004,-121.12791999999999,10,99696
3,39.746790000000004,-121.67261,10,231256
28,33.87041,-117.70975,10,3185968
31,33.602470000000004,-117.34192,10,2450758
49,40.02261,-121.91425,10,63916
9,36.7528,-119.2288,10,994400
46,38.76549,-122.90938999999999,10,499942
41,37.18356,-122.07011999999999,10,274255
17,34.22551,-118.05545,10,10105518
50,40.46836,-123.51619,10,12535
13,35.19008,-118.76151999999999,10,896764
35,33.18716,-116.50896999999999,10,3343364
27,39.06414,-121.13736999999999,10,99696
8,38.77921,-120.46234,10,190678
31,33.50488,-117.02131999999999,10,2450758
34,34.21829,-117.40625,12,2171603
34,34.16564,-117.33333999999999,12,2171603
31,33.8826,-117.00589,10,2450758
34,34.13534,-117.4982,10,2171603
13,35.3091,-118.70100000000001,10,896764
37,35.786159999999995,-120.96513999999999,10,284010
8,38.848,-120.287,10,190678
15,39.0199,-122.57486999999999,10,64382
46,38.46123,-122.58152,10,499942
46,38.36685,-122.64001,10,499942
25,36.5858,-121.80377,10,435594
0,37.7393,-121.85663000000001,10,1666753
35,33.402411,-117.402445,10,3343364
47,37.89532,-120.84748,10,549815
17,34.45283,-118.58188,12,10105518
17,34.31283,-118.35863,12,10105518
39,34.415209999999995,-119.09123999999998,12,446527
53,34.415209999999995,-119.09123999999998,12,850967
31,33.965140000000005,-117.4764,12,2450758
49,39.81517,-122.28165,11,63916
24,38.46111,-119.48284,11,14250
35,33.38613,-117.46708999999998,10,3343364
31,33.90327,-116.50151000000001,11,2450758
53,34.34949,-119.30918,10,850967
37,35.411120000000004,-120.00353,10,284010
33,36.38109,-121.00391,11,61537
35,32.64962,-116.37345,10,3343364
34,34.035344,-116.940661,11,2171603
35,33.3237,-117.163,12,3343364
31,33.59257,-117.14979,12,2450758
31,33.88994,-116.91023,12,2450758
17,34.09454,-118.48178,12,10105518
39,34.71796,-120.27077,12,446527
39,34.605358,-120.414875,12,446527
31,33.9885,-117.38417,12,2450758
8,38.869036,-119.61865,12,190678
25,35.96689,-121.28185,2,435594
12,37.40208,-118.50235,2,17987
0,37.73835,-121.6039,5,1666753
31,33.62924,-117.05991999999999,5,2450758
31,33.711263,-116.16405800000001,4,2450758
39,34.0232,-119.76576000000001,3,446527
42,40.4635,-121.77418999999999,3,180040
31,33.86439,-117.48143999999999,4,2450758
35,33.12213,-116.58758999999999,5,3343364
44,41.65935,-122.48556,5,43724
31,33.887440000000005,-117.16232,4,2450758
30,39.89075,-120.18498999999998,4,18804
39,34.74245,-120.18236,5,446527
35,33.40178,-117.27467,5,3343364
35,33.389425,-117.50240500000001,5,3343364
22,36.85156,-120.77206000000001,5,274765
31,33.504964,-117.148204,5,2450758
31,33.467999,-117.00382900000001,5,2450758
12,36.71537,-118.08448999999999,4,17987
11,40.70258,-123.55011999999999,4,136373
31,33.67815,-117.32281,4,2450758
51,35.826333,-118.9821,5,465861
49,40.31759,-122.21032,5,63916
44,41.791859,-122.513883,5,43724
22,37.056944,-121.01638,5,274765
26,38.16303,-122.23058999999999,5,139417
35,33.35505,-117.03133999999999,5,3343364
18,37.0979,-119.75307,5,157672
37,35.56922,-120.12441000000001,5,284010
9,36.75581,-119.42172,5,994400
40,37.21803,-121.76828,5,1937570
31,33.53924,-116.10231,5,2450758
10,39.65578,-122.58666000000001,5,28047
47,37.32744,-121.10903,5,549815
37,35.71859,-120.64028,5,284010
0,37.75375,-121.57918000000001,5,1666753
54,38.64953,-122.01762,6,220408
10,39.46543,-122.65581999999999,6,28047
49,40.201826000000004,-122.29388,6,63916
6,37.99113,-121.86473000000001,6,1150215
28,33.551320000000004,-117.72044,6,3185968
31,33.450140000000005,-117.22215,6,2450758
9,36.10499,-120.55323999999999,6,994400
49,39.80827,-122.3307,6,63916
31,33.47413,-117.31468000000001,6,2450758
31,33.742,-117.28188999999999,6,2450758
33,36.83036,-121.36446000000001,6,61537
37,35.75737,-120.91793,6,284010
44,41.58233,-122.33769,6,43724
35,32.78031,-117.06782,6,3343364
35,32.75072,-116.92403999999999,6,3343364
17,34.5486,-118.31138,6,10105518
44,41.64805,-122.98442,6,43724
33,36.40755,-120.99322,6,61537
33,36.378333000000005,-120.90116699999999,6,61537
18,37.10181,-119.623981,6,157672
33,36.64832,-121.03253000000001,6,61537
46,38.245151,-122.44408,6,499942
35,33.40769,-117.22973999999999,6,3343364
35,32.63046,-116.46673999999999,6,3343364
36,38.24033,-121.09199,6,752660
22,37.339240000000004,-120.24315,6,274765
49,39.94355,-122.3571,6,63916
10,39.64978,-122.58218000000001,6,28047
19,37.97638,-122.5275,6,259666
17,37.97638,-122.5275,6,10105518
25,35.9352,-121.11936000000001,6,435594
33,36.37532,-120.862579,6,61537
37,35.663607,-120.67031100000001,6,284010
28,33.787838,-117.746625,6,3185968
31,33.925862,-117.654299,6,2450758
17,34.110516,-118.42788600000002,6,10105518
49,40.394073,-122.135924,6,63916
31,33.524412,-116.821724,6,2450758
3,39.602703000000005,-121.617698,6,231256
37,35.58354,-120.62413500000001,6,284010
16,40.3768,-120.36403,6,30802
22,37.393390000000004,-120.34206999999999,6,274765
18,37.14663,-119.91223000000001,6,157672
20,37.47677,-119.84298999999999,6,17471
3,39.549167,-121.521111,6,231256
15,38.886518,-122.476381,6,64382
6,38.015322999999995,-121.998967,6,1150215
2,38.265645,-120.892404,6,39383
0,37.627119,-121.806775,6,1666753
22,37.05876,-121.176354,6,274765
20,37.707234,-120.19916200000002,6,17471
6,37.779209,-121.908976,6,1150215
25,35.77017,-120.57833000000001,6,435594
37,35.736290000000004,-120.75593,6,284010
37,35.05747,-120.39295,6,284010
42,40.529090000000004,-122.17456999999999,6,180040
49,40.35068,-121.77866999999999,6,63916
49,40.12791,-122.19792,6,63916
49,40.18395,-122.27573999999998,6,63916
15,39.0674,-122.59848000000001,6,64382
17,34.53765,-118.75495,6,10105518
5,39.2976,-122.51201200000001,7,21627
13,35.1234,-118.72905,6,896764
42,40.50318,-122.42308,6,180040
52,37.80785,-120.30187,6,54539
4,37.95766,-120.68902,6,45602
22,37.08529,-121.09353999999999,6,274765
21,39.038859,-123.38493000000001,7,87606
36,38.052054999999996,-120.94548200000001,6,752660
3,39.6139,-121.954098,6,231256
50,40.60402,-122.9144,6,12535
25,35.95515,-120.86256000000002,6,435594
18,37.571,-119.118,6,157672
9,36.696878999999996,-119.30449899999999,6,994400
3,39.59872,-121.78208000000001,6,231256
37,35.33916,-120.71488000000001,6,284010
16,40.316137,-120.45053,6,30802
44,41.83359,-122.99271999999999,6,43724
3,39.491737,-121.637759,7,231256
32,38.595865,-121.17693,6,1540975
6,37.947140000000005,-121.9921,6,1150215
40,37.660740000000004,-121.67143999999999,6,1937570
34,34.17711,-117.15381000000001,6,2171603
26,38.80583,-122.18183,6,139417
54,38.80583,-122.18183,6,220408
31,33.56349,-116.732032,7,2450758
49,40.00293,-122.44008000000001,7,63916
18,37.227909999999994,-119.50461000000001,7,157672
44,41.085,-123.051,7,43724
35,32.833674,-116.7311,7,3343364
6,37.86339,-122.12351000000001,7,1150215
35,32.619855,-116.764733,7,3343364
8,38.539806,-121.059979,7,190678
44,41.893332,-122.534655,7,43724
2,38.42623,-120.95408,7,39383
34,34.095568,-116.95880600000001,7,2171603
23,41.29363,-120.11461000000001,7,8777
39,34.463889,-119.83138899999999,7,446527
40,37.06367,-121.53586000000001,7,1937570
3,39.77124,-121.76858999999999,7,231256
34,34.171786,-117.35606000000001,7,2171603
20,37.6549,-119.88581,7,17471
13,34.86022,-118.87881000000002,7,896764
3,39.66492,-121.51772,7,231256
40,37.22545,-121.79189,7,1937570
40,37.163594,-121.702547,7,1937570
23,41.50105,-120.61108,7,8777
33,36.65351,-121.0454,7,61537
12,36.6734,-118.21881,7,17987
42,40.62693,-122.23449,7,180040
6,37.79718,-121.85311000000002,7,1150215
0,37.75646,-121.60646000000001,7,1666753
34,34.22526,-117.40966999999999,7,2171603
18,37.198170000000005,-119.80413999999999,7,157672
15,39.06715,-122.59788999999999,7,64382
49,40.33682,-121.93908,7,63916
33,36.59036,-120.82355,7,61537
16,39.99309,-120.02136999999999,7,30802
44,41.70877,-122.47293,7,43724
16,40.95234,-121.21597,7,30802
11,41.34453,-123.85404,7,136373
16,41.08583,-121.05722,7,30802
16,40.946659999999994,-121.27049,7,30802
49,40.27754,-122.11375,7,63916
11,41.079440000000005,-123.688056,8,136373
37,35.70086,-120.97339,7,284010
35,32.557565999999994,-116.8663,7,3343364
44,41.632373,-122.37985,7,43724
39,34.54305556,-120.31805559999998,7,446527
54,38.59694444,-121.9938889,7,220408
3,39.57202,-121.43131000000001,7,231256
20,37.28365,-119.97546000000001,7,17471
35,33.04898,-116.78928,7,3343364
31,33.836101,-117.607577,7,2450758
42,40.741186,-122.649626,7,180040
39,34.62412,-120.22298,7,446527
15,38.91152,-122.86854,7,64382
37,35.685390000000005,-120.95156999999999,7,284010
37,35.64917,-120.71907,7,284010
40,37.449425,-121.88807,7,1937570
21,39.279833,-123.258319,7,87606
51,36.42638,-118.70443,7,465861
42,40.65428,-122.62357,7,180040
50,40.65428,-122.62357,7,12535
17,34.380390000000006,-118.60441000000002,7,10105518
31,33.56921,-116.154398,7,2450758
15,38.981389,-122.97222,9,64382
42,40.824,-121.90215,7,180040
16,40.34822,-120.82497,7,30802
40,37.07793,-121.600023,7,1937570
6,37.89612,-121.85847,7,1150215
33,36.796,-121.40603999999999,7,61537
0,37.711729999999996,-121.55604,7,1666753
21,38.8802,-123.0496,8,87606
35,33.078920000000004,-116.91845,7,3343364
31,33.571763,-116.50005800000001,7,2450758
4,38.08424,-120.46078,8,45602
20,37.69965,-120.0545,8,17471
0,37.533026,-121.79733,8,1666753
13,35.37444,-118.83556000000002,8,896764
5,39.243283,-123.10336699999999,7,21627
10,39.243283,-123.10336699999999,7,28047
15,39.243283,-123.10336699999999,7,64382
21,39.243283,-123.10336699999999,7,87606
51,36.21634,-118.82988999999999,7,465861
5,39.04786,-123.11971000000001,7,21627
15,39.04786,-123.11971000000001,7,64382
21,39.04786,-123.11971000000001,7,87606
13,35.387408,-118.81793400000001,7,896764
16,40.633536,-120.86809099999999,7,30802
52,38.349000000000004,-119.929,8,54539
12,37.735461,-118.97044299999999,7,17987
31,33.85852,-117.43521000000001,7,2450758
35,33.41476,-117.24043999999999,7,3343364
48,39.186144,-121.79288500000001,7,96807
26,38.51943,-122.18353,7,139417
21,39.82877,-123.08488999999999,7,87606
42,40.95673,-121.6002,7,180040
37,35.30151,-120.64398,9,284010
35,33.05737,-116.77153999999999,8,3343364
8,38.645,-120.87416699999999,8,190678
29,38.824259999999995,-121.451307,8,393149
25,35.847778000000005,-120.343056,8,435594
28,33.698879999999996,-117.52055,8,3185968
31,33.759722,-117.460278,8,2450758
14,35.97896,-119.98329,8,151366
19,38.07135,-122.76751000000002,12,259666
13,35.56888889,-118.80138889999999,8,896764
42,40.896,-122.219,8,180040
31,33.946896,-117.066643,8,2450758
35,33.076239,-116.90298500000002,8,3343364
42,40.99344,-121.52225,8,180040
26,38.272290000000005,-122.26388999999999,8,139417
6,37.996179999999995,-122.14097,8,1150215
26,38.69601,-122.44468,9,139417
45,38.431278000000006,-122.043747,8,446610
13,35.17156,-118.51651000000001,8,896764
27,39.10494,-121.07038999999999,8,99696
35,33.0971179,-117.02425290000001,8,3343364
25,36.00912,-120.82226000000001,8,435594
51,35.79012,-118.7393,8,465861
23,41.38544,-121.04386000000001,8,8777
0,37.699259999999995,-122.02805,8,1666753
13,35.51777778,-118.6525,8,896764
42,40.36888889,-122.89055559999998,8,180040
39,35.11416667,-120.09222220000001,8,446527
31,33.627006,-117.17173100000001,8,2450758
18,37.197039000000004,-120.002619,8,157672
31,33.97902,-117.20533999999999,8,2450758
18,37.179167,-119.43166699999999,8,157672
15,39.02017,-122.57496,8,64382
31,33.640051,-117.08535400000001,8,2450758
17,34.2325,-117.84611100000001,9,10105518
15,38.8275,-122.3625,8,64382
39,34.576944,-119.61416000000001,9,446527
23,41.521229999999996,-120.72362,9,8777
34,34.15475,-117.24436599999999,8,2171603
42,40.9425,-122.43,9,180040
50,40.9425,-122.43,9,12535
15,38.918420000000005,-122.85276,9,64382
29,39.268611,-120.65833300000001,9,393149
8,38.94388,-120.92611000000001,9,190678
42,40.678889,-122.40055600000001,9,180040
52,37.83388,-120.61746000000001,9,54539
50,40.616251,-123.52018999999999,9,12535
24,38.347395,-119.45186000000001,9,14250
25,36.35502,-121.1563,9,435594
19,38.02447,-122.727,9,259666
13,34.91482,-118.92485,9,896764
31,33.80406,-116.93188,9,2450758
8,38.7448,-120.65671999999999,9,190678
17,34.48229,-118.60858,9,10105518
18,37.387890000000006,-119.68911999999999,9,157672
16,40.336420000000004,-120.93005,9,30802
49,40.34256,-121.43025,9,63916
42,40.5939,-122.17173000000001,9,180040
40,37.33563,-121.75815,9,1937570
3,39.84151,-121.62168,9,231256
37,-120.258,-120.258,9,284010
34,34.24138,-117.42431,9,2171603
25,35.97677,-121.24898,10,435594
9,36.938674,-119.3127769,10,994400
49,40.22027778,-122.18,10,63916
40,37.1769444,-121.68694440000002,10,1937570
44,41.940459999999995,-122.43933,10,43724
45,38.45673,-121.94658000000001,10,446610
25,36.18401,-120.69955,10,435594
42,40.496179999999995,-122.51597,10,180040
42,40.60866,-122.38366,10,180040
3,39.93427,-121.54103,10,231256
37,35.17693,-120.48861000000001,10,284010
51,36.47766,-119.10433,10,465861
3,39.36529,-121.51706999999999,10,231256
41,37.0125,-122.046,11,274255
21,39.62194,-123.28773999999999,11,87606
3,39.8134,-121.4347,11,231256
49,40.346652,-122.308479,11,63916
16,40.83116,-120.19336000000001,11,30802
45,38.21396,-121.9424,11,446610
53,34.22685,-118.93444,11,850967
17,34.235,-118.70128000000001,11,10105518
53,34.235,-118.70128000000001,11,850967
11,40.61805556,-123.67555559999998,1,136373
3,39.71217,-121.77385,11,231256
6,37.81111,-121.7944,11,1150215
11,40.888785,-124.00184899999999,11,136373
34,34.18075,-117.43184,11,2171603
0,37.61158,-121.94181999999999,11,1666753
53,34.30166667,-119.09916670000001,11,850967
53,34.26734825,-118.64381589999999,11,850967
41,37.12857,-122.12036,11,274255
55,39.24678,-121.32399,6,78041
14,35.81778,-120.09715,4,151366
3,39.83958,-121.95700000000001,4,231256
13,35.65189,-118.92545,4,896764
3,39.85484,-121.905,5,231256
13,35.03855,-119.19453999999999,5,896764
13,35.72057,-119.62762,5,896764
29,39.115359999999995,-120.76088,5,393149
35,32.557565999999994,-116.8663,5,3343364
31,33.650237,-116.17253400000001,5,2450758
49,39.98097,-122.30736999999999,5,63916
31,33.81678,-117.18194,5,2450758
37,35.307590000000005,-119.96498000000001,5,284010
9,36.669090000000004,-119.3046,5,994400
31,33.69078,-114.57265,5,2450758
40,37.45899,-121.22093000000001,5,1937570
31,33.57039,-116.1466,5,2450758
51,36.28001,-119.10973999999999,6,465861
51,36.18479,-118.99229,6,465861
51,36.23012,-118.85712,6,465861
51,36.14246,-118.80582,6,465861
37,35.343761,-119.91371699999999,6,284010
6,38.02503,-121.9763,6,1150215
45,38.21416,-122.12213999999999,6,446610
29,38.752629999999996,-121.39258999999998,6,393149
47,37.259879999999995,-121.09375,6,549815
55,39.15641,-121.56363,6,78041
54,38.88978,-122.23921999999999,6,220408
26,38.63047,-122.47282,6,139417
48,39.28926,-121.85906000000001,6,96807
37,35.66318,-120.41128,6,284010
40,37.21638,-121.70768000000001,6,1937570
40,37.44422,-121.84082,6,1937570
25,35.97059,-120.88241000000001,6,435594
51,35.89593,-118.94106000000001,6,465861
37,35.57376,-120.11738000000001,6,284010
35,33.30267,-116.97771999999999,6,3343364
3,39.76242,-121.73658999999999,6,231256
44,41.64895,-122.35961999999999,6,43724
44,41.946220000000004,-122.40156999999999,6,43724
35,33.396840000000005,-117.29665,6,3343364
44,39.28926,-121.85906000000001,6,43724
31,33.919507,-117.103765,6,2450758
0,37.75427,-121.57382,6,1666753
49,39.97083,-122.48277,6,63916
55,39.24678,-121.32399,6,78041
47,37.46577,-121.28312,6,549815
25,36.284259999999996,-120.94771000000001,6,435594
42,40.41404,-122.66779,6,180040
40,37.494136,-121.534827,6,1937570
29,38.738170000000004,-121.39419,6,393149
31,33.80493,-117.15738,6,2450758
27,39.40972222,-121.00055559999998,6,99696
35,32.62305556,-116.91416670000001,6,3343364
31,33.911,-116.980528,6,2450758
22,37.312877,-120.242411,6,274765
3,39.32889,-121.23431000000001,6,231256
40,37.189040000000006,-121.69496799999999,7,1937570
36,37.632059999999996,-121.53838200000001,7,752660
0,37.469,-121.3697,7,1666753
6,37.99837,-122.16201000000001,7,1150215
42,40.41741,-122.767256,7,180040
16,40.679318,-120.39276799999999,7,30802
55,39.06066,-121.35014,7,78041
20,37.524378000000006,-120.29655100000001,7,17471
37,35.63111111,-120.26916670000001,7,284010
25,35.95191,-120.8092,7,435594
31,33.69055556,-116.95388899999999,7,2450758
35,32.566389,-116.7525,7,3343364
31,33.569379999999995,-116.07896000000001,7,2450758
0,37.093243,-121.586846,7,1666753
42,40.463936,-122.435492,7,180040
31,33.812837200000004,-117.1228851,7,2450758
16,40.072739,-120.158273,7,30802
53,34.366111,-118.96,7,850967
47,37.944751000000004,-120.84371999999999,7,549815
40,37.32555556,-121.76444440000002,7,1937570
18,37.016944,-119.93416699999999,7,157672
31,33.514658000000004,-116.7884,7,2450758
36,37.962557000000004,-121.468074,7,752660
23,41.909,-120.306,7,8777
35,32.794768,-116.839743,7,3343364
47,37.420988,-121.371276,7,549815
4,38.115224,-120.78068,7,45602
20,37.241427,-120.027731,7,17471
13,34.900833299999995,-118.91833329999999,7,896764
26,38.481258000000004,-122.143942,7,139417
34,34.42386,-117.10318000000001,7,2171603
3,39.423833,-121.57973799999999,7,231256
45,38.158333,-122.118889,7,446610
40,37.433192,-121.807258,7,1937570
37,35.004721999999994,-120.435278,7,284010
44,41.834365999999996,-122.65656899999999,7,43724
44,41.838,-122.845,7,43724
21,39.831762,-123.84601299999999,7,87606
34,33.997528,-117.76976599999999,7,2171603
23,41.79591,-121.260305,7,8777
35,32.767649,-116.79603200000001,7,3343364
39,34.665699,-119.94973999999999,7,446527
25,35.908333,-120.984167,7,435594
25,36.008889,-121.466944,7,435594
8,38.757636,-120.75663999999999,7,190678
13,35.60989,-118.41203999999999,7,896764
35,32.575556,-117.02666699999999,8,3343364
32,38.3525,-121.12361100000001,8,1540975
32,38.622058,-121.11409499999999,8,1540975
23,41.43783,-120.23976,8,8777
6,37.908362,-121.872941,8,1150215
17,34.677864,-118.75239499999999,8,10105518
34,34.202883,-116.4449,8,2171603
42,40.55924,-122.25408999999999,8,180040
13,35.287372999999995,-118.623651,8,896764
31,33.740219,-117.33372800000001,8,2450758
6,37.968494,-121.678172,8,1150215
16,40.886677,-120.336977,8,30802
16,40.900458,-121.320838,8,30802
15,38.99174,-122.7751,8,64382
52,37.949746999999995,-120.42005800000001,8,54539
16,40.943799,-120.27529799999999,8,30802
0,37.708743,-121.841879,8,1666753
54,39.171091,-121.423281,8,220408
31,33.909791999999996,-117.004667,8,2450758
42,40.46968,-122.54364,8,180040
21,39.005262,-123.195306,8,87606
17,34.675542,-118.34223899999999,8,10105518
45,38.455,-121.969167,8,446610
8,38.703889000000004,-120.890556,8,190678
5,39.088333,-122.30916699999999,8,21627
40,37.219716999999996,-121.761974,8,1937570
42,40.484328999999995,-122.159393,8,180040
20,37.532028000000004,-120.208019,8,17471
35,32.57394,-116.760465,8,3343364
8,38.652475,-120.82616499999999,8,190678
20,37.536069,-120.17701799999999,8,17471
0,37.71734,-121.55866999999999,8,1666753
42,40.715556,-122.24194399999999,8,180040
31,33.4506,-116.857817,8,2450758
16,40.562,-120.544,8,30802
16,39.892222,-120.02972199999999,8,30802
31,33.77777348,-117.487578,8,2450758
40,37.034183,-121.45597,8,1937570
35,32.557546,-116.87395500000001,8,3343364
31,33.463991,-116.914799,8,2450758
16,40.593,-120.581,8,30802
0,37.718636,-121.65701100000001,8,1666753
51,36.40193,-119.030621,8,465861
25,35.906482000000004,-120.99291399999998,9,435594
53,34.71011,-119.3547,9,850967
0,37.545167,-121.596667,9,1666753
33,36.600167,-120.8405,9,61537
34,34.353667,-117.343833,9,2171603
8,38.898915,-120.946657,9,190678
41,37.178353,-122.07743,9,274255
30,40.061389,-120.68055600000001,9,18804
31,33.528469,-117.27315700000001,9,2450758
15,38.910498,-122.642572,9,64382
33,36.732865999999994,-121.39478000000001,9,61537
49,40.12,-122.64,9,63916
36,38.017138,-120.945044,9,752660
50,40.062304,-123.222196,9,12535
49,40.109,-122.789,9,63916
24,37.826,-118.87200000000001,9,14250
23,41.748000000000005,-121.056,9,8777
12,36.284,-118.228,9,17987
51,36.150999999999996,-118.185,9,465861
12,37.034,-118.345,9,17987
3,39.470333000000004,-121.412333,9,231256
16,44.733999999999995,-120.60600000000001,9,30802
44,41.862237,-122.66225800000001,9,43724
44,41.492974200000006,-123.2129356,9,43724
50,41.150392,-122.63410800000001,9,12535
15,38.955024,-122.833831,9,64382
3,39.45296,-121.41261899999999,9,231256
44,41.512917,-122.740333,9,43724
31,33.9369,-117.3063,9,2450758
39,34.630919,-120.18736799999999,9,446527
31,33.496633,-116.631106,9,2450758
47,37.32585,-121.110146,9,549815
31,33.854597,-117.27014399999999,9,2450758
47,37.492002,-120.401028,9,549815
31,33.4853,-117.043723,9,2450758
44,41.749666999999995,-123.00083300000001,9,43724
31,33.635,-116.801111,9,2450758
29,38.751647999999996,-121.43263600000002,9,393149
40,37.467744,-121.842751,9,1937570
37,35.214364,-120.45588300000001,9,284010
31,33.900994,-117.170588,9,2450758
4,38.20177,-120.827386,9,45602
52,37.838333,-120.625556,9,54539
42,40.612556,-122.03916699999999,9,180040
35,32.787656,-116.806941,9,3343364
2,38.332083000000004,-120.67131,9,39383
35,32.87833333,-116.88,9,3343364
45,38.07944444,-122.2561111,9,446610
3,39.622137,-121.693472,9,231256
8,38.538467,-120.96510500000001,9,190678
31,33.703546,-117.033598,9,2450758
9,36.154184,-120.634179,9,994400
37,35.189783,-120.1755,10,284010
47,37.429505999999996,-121.33646499999999,10,549815
10,41.70611111,-123.4375,10,28047
21,39.613783000000005,-123.45878200000001,10,87606
20,37.604638,-119.96606000000001,10,17471
26,38.165873,-122.211671,10,139417
40,37.066483000000005,-121.219163,10,1937570
49,40.314187,-122.07005500000001,10,63916
0,37.606,-121.853,10,1666753
25,35.790690000000005,-120.73102,10,435594
37,35.790690000000005,-120.73102,10,284010
49,39.847708000000004,-122.1604,10,63916
49,39.847708000000004,-122.160416,10,63916
6,37.828267,-122.103867,10,1150215
31,33.827979,-117.499619,10,2450758
31,33.975405,-117.20706799999999,10,2450758
31,33.9925,-117.05916699999999,10,2450758
42,40.4988,-122.19911,10,180040
31,33.8615,-116.897333,10,2450758
53,34.156389000000004,-118.950833,10,850967
17,34.329879999999996,-118.48161,10,10105518
37,35.709176,-120.31285600000001,10,284010
8,38.724000000000004,-120.145,10,190678
53,34.23955,-119.20187,10,850967
16,40.387772,-120.304341,10,30802
31,33.45148,-116.05898,10,2450758
6,38.045866,-122.245186,10,1150215
35,32.762706,-117.09744099999999,10,3343364
39,34.484722,-120.19083300000001,10,446527
15,38.88913,-122.604425,10,64382
9,36.319291,-120.46018899999999,10,994400
34,34.033117,-117.21545,10,2171603
17,34.055768,-118.55409099999999,10,10105518
35,33.351145,-117.403719,10,3343364
46,38.792458,-122.78005300000001,10,499942
34,34.183624,-117.274276,10,2171603
19,37.896231,-122.636471,10,259666
3,39.551423,-121.80053799999999,10,231256
17,34.472778000000005,-118.36805600000001,10,10105518
38,37.166674,-122.361112,10,769545
0,37.62782,-121.68598,10,1666753
35,33.055124,-116.742508,10,3343364
35,33.259861,-117.02733300000001,10,3343364
49,40.001709999999996,-122.25421000000001,10,63916
6,37.99136,-121.64118,10,1150215
6,38.03545,-122.2241,10,1150215
45,38.07205,-122.22463,10,446610
21,39.224309999999996,-123.12886999999999,10,87606
6,37.97911,-122.11092,10,1150215
17,34.098191,-118.47871699999999,10,10105518
53,34.282179,-118.803389,10,850967
31,34.01778,-117.4625,10,2450758
31,33.985972,-117.414111,10,2450758
35,32.564583,-116.83458300000001,10,3343364
34,34.183,-117.285,10,2171603
53,34.302212,-118.997115,10,850967
31,33.849906,-117.46136299999999,11,2450758
49,40.036379,-122.637837,11,63916
15,39.100408,-122.496548,11,64382
29,38.838992,-121.325842,11,393149
54,38.734634,-121.72969099999999,11,220408
39,34.5025,-119.785,11,446527
